sample,fluid,percentage,time(hrs),start_date,end_date,decalcified
bone_marrow,HCl,100%,3,05/05/2023,05/05/2023,yes
bone_marrow,HCl,100%,3,05/05/2023,05/05/2023,yes
bone_marrow,HCl,100%,3,05/05/2023,05/05/2023,yes
bone_marrow,HCl,100%,3,05/05/2023,05/05/2023,yes
bone_marrow,HCl,100%,3,05/05/2023,05/05/2023,yes
bone_marrow,HCl,100%,3,05/05/2023,05/05/2023,yes
bone_marrow,HCl,100%,3,05/05/2023,05/05/2023,yes
bone_marrow,HCl,100%,3,05/05/2023,05/05/2023,yes
bone_marrow,HCl,100%,3,05/05/2023,05/05/2023,yes
bone_marrow,HCl,100%,3,05/05/2023,05/05/2023,yes
bone_marrow,HCl,100%,3,05/05/2023,05/05/2023,yes
bone_marrow,HCl,100%,3,05/05/2023,05/05/2023,yes
bone_marrow,HCl,100%,3,05/05/2023,05/05/2023,yes
bone_marrow,HCl,100%,3,05/05/2023,05/05/2023,yes
bone_marrow,HCl,100%,3,05/05/2023,05/05/2023,yes
bone_marrow,HCl,100%,3,05/05/2023,05/05/2023,yes
bone_marrow,HCl,100%,3,05/05/2023,05/05/2023,yes
bone_marrow,HCl,100%,3,05/05/2023,05/05/2023,yes
bone_marrow,HCl,100%,3,05/05/2023,05/05/2023,yes
bone_marrow,HCl,100%,3,05/05/2023,05/05/2023,yes
bone_marrow,HCl,100%,3,05/05/2023,05/05/2023,yes
bone_marrow,HCl,100%,3,05/05/2023,05/05/2023,yes
bone_marrow,HCl,100%,3,05/05/2023,05/05/2023,yes
bone_marrow,HCl,100%,3,05/05/2023,05/05/2023,yes
bone_marrow,HCl,100%,3,05/05/2023,05/05/2023,yes
bone_marrow,HCl,100%,3,05/05/2023,05/05/2023,yes
bone_marrow,HCl,100%,3,05/05/2023,05/05/2023,yes
bone_marrow,HCl,100%,3,05/05/2023,05/05/2023,yes
bone_marrow,HCl,100%,3,05/05/2023,05/05/2023,yes
bone_marrow,HCl,100%,3,05/05/2023,05/05/2023,yes
bone_marrow,HCl,100%,3,05/05/2023,05/05/2023,yes
bone_marrow,HCl,100%,3,05/05/2023,05/05/2023,yes
bone_marrow,HCl,100%,3,05/05/2023,05/05/2023,yes
bone_marrow,HCl,100%,3,05/05/2023,05/05/2023,yes
bone_marrow,HCl,100%,3,05/05/2023,05/05/2023,yes
bone_marrow,HCl,100%,3,05/05/2023,05/05/2023,yes
bone_marrow,HCl,100%,3,05/05/2023,05/05/2023,yes
bone_marrow,HCl,100%,3,05/05/2023,05/05/2023,yes
bone_marrow,HCl,100%,3,05/05/2023,05/05/2023,yes
bone_marrow,HCl,100%,3,05/05/2023,05/05/2023,yes
bone_marrow,HCl,100%,3,05/05/2023,05/05/2023,yes
bone_marrow,HCl,100%,3,05/05/2023,05/05/2023,yes
bone_marrow,HCl,100%,3,05/05/2023,05/05/2023,yes
bone_marrow,HCl,100%,3,05/05/2023,05/05/2023,yes
bone_marrow,HCl,100%,3,05/05/2023,05/05/2023,yes
bone_marrow,HCl,100%,3,05/05/2023,05/05/2023,yes
bone_marrow,HCl,100%,3,05/05/2023,05/05/2023,yes
bone_marrow,HCl,100%,3,05/05/2023,05/05/2023,yes
bone_marrow,HCl,100%,3,05/05/2023,05/05/2023,yes
bone_marrow,HCl,100%,3,05/05/2023,05/05/2023,yes
bone_marrow,HCl,100%,3,05/05/2023,05/05/2023,yes
bone_marrow,HCl,100%,3,05/05/2023,05/05/2023,yes
bone_marrow,HCl,100%,3,05/05/2023,05/05/2023,yes
bone_marrow,HCl,100%,3,05/05/2023,05/05/2023,yes
bone_marrow,HCl,100%,3,05/05/2023,05/05/2023,yes
bone_marrow,HCl,100%,3,05/05/2023,05/05/2023,yes
bone_marrow,HCl,100%,3,05/05/2023,05/05/2023,yes
bone_marrow,HCl,100%,3,05/05/2023,05/05/2023,yes
bone_marrow,HCl,100%,3,05/05/2023,05/05/2023,yes
bone_marrow,HCl,100%,3,05/05/2023,05/05/2023,yes
bone_marrow,HCl,100%,3,05/05/2023,05/05/2023,yes
bone_marrow,HCl,100%,3,05/05/2023,05/05/2023,yes
bone_marrow,HCl,100%,3,05/05/2023,05/05/2023,yes
bone_marrow,HCl,100%,3,05/05/2023,05/05/2023,yes
bone_marrow,HCl,100%,3,05/05/2023,05/05/2023,yes
bone_marrow,HCl,100%,3,05/05/2023,05/05/2023,yes
bone_marrow,HCl,100%,3,05/05/2023,05/05/2023,yes
bone_marrow,HCl,100%,3,05/05/2023,05/05/2023,yes
bone_marrow,HCl,100%,3,05/05/2023,05/05/2023,yes
bone_marrow,HCl,100%,3,05/05/2023,05/05/2023,yes
bone_marrow,HCl,100%,2.5,05/05/2023,05/05/2023,no
bone_marrow,HCl,100%,2.9,05/05/2023,05/05/2023,no
bone_marrow,HCl,100%,2.6,05/05/2023,05/05/2023,no
bone_marrow,HCl,100%,1.2,05/05/2023,05/05/2023,no
bone_marrow,HCl,100%,1,05/05/2023,05/05/2023,no
bone_marrow,HCl,100%,0.8,05/05/2023,05/05/2023,no
bone_marrow,HCl,100%,0.3,05/05/2023,05/05/2023,no
bone_marrow,HCl,100%,2.1,05/05/2023,05/05/2023,no
bone_marrow,HCl,100%,2.3,05/05/2023,05/05/2023,no
bone_marrow,HCl,100%,1.2,05/05/2023,05/05/2023,no
bone_marrow,HCl,100%,0.7,05/05/2023,05/05/2023,no
bone_marrow,HCl,100%,0.6,05/05/2023,05/05/2023,no
bone_marrow,HCl,100%,1.8,05/05/2023,05/05/2023,no
bone_marrow,HCl,100%,1.1,05/05/2023,05/05/2023,no
bone_marrow,HCl,100%,0.5,05/05/2023,05/05/2023,no
bone_marrow,HCl,100%,2.5,05/05/2023,05/05/2023,no
bone_marrow,HCl,100%,2.9,05/05/2023,05/05/2023,no
bone_marrow,HCl,100%,2.6,05/05/2023,05/05/2023,no
bone_marrow,HCl,100%,1.2,05/05/2023,05/05/2023,no
bone_marrow,HCl,100%,1,05/05/2023,05/05/2023,no
bone_marrow,HCl,100%,0.8,05/05/2023,05/05/2023,no
bone_marrow,HCl,100%,0.3,05/05/2023,05/05/2023,no
bone_marrow,HCl,100%,2.1,05/05/2023,05/05/2023,no
bone_marrow,HCl,100%,2.3,05/05/2023,05/05/2023,no
bone_marrow,HCl,100%,1.2,05/05/2023,05/05/2023,no
bone_marrow,HCl,100%,0.7,05/05/2023,05/05/2023,no
bone_marrow,HCl,100%,0.6,05/05/2023,05/05/2023,no
bone_marrow,HCl,100%,1.8,05/05/2023,05/05/2023,no
bone_marrow,HCl,100%,1.3,05/05/2023,05/05/2023,no
bone_marrow,HCl,100%,2,05/05/2023,05/05/2023,no
bone_marrow,EDTA,12.50%,3,05/05/2023,05/05/2023,yes
bone_marrow,EDTA,12.50%,3,05/05/2023,05/05/2023,yes
bone_marrow,EDTA,12.50%,3,05/05/2023,05/05/2023,yes
bone_marrow,EDTA,12.50%,3,05/05/2023,05/05/2023,yes
bone_marrow,EDTA,12.50%,3,05/05/2023,05/05/2023,yes
bone_marrow,EDTA,12.50%,3,05/05/2023,05/05/2023,yes
bone_marrow,EDTA,12.50%,3,05/05/2023,05/05/2023,yes
bone_marrow,EDTA,12.50%,3,05/05/2023,05/05/2023,yes
bone_marrow,EDTA,12.50%,3,05/05/2023,05/05/2023,yes
bone_marrow,EDTA,12.50%,3,05/05/2023,05/05/2023,yes
bone_marrow,EDTA,12.50%,3,05/05/2023,05/05/2023,yes
bone_marrow,EDTA,12.50%,3,05/05/2023,05/05/2023,yes
bone_marrow,EDTA,12.50%,3,05/05/2023,05/05/2023,yes
bone_marrow,EDTA,12.50%,3,05/05/2023,05/05/2023,yes
bone_marrow,EDTA,12.50%,3,05/05/2023,05/05/2023,yes
bone_marrow,EDTA,12.50%,3,05/05/2023,05/05/2023,yes
bone_marrow,EDTA,12.50%,3,05/05/2023,05/05/2023,yes
bone_marrow,EDTA,12.50%,3,05/05/2023,05/05/2023,yes
bone_marrow,EDTA,12.50%,3,05/05/2023,05/05/2023,yes
bone_marrow,EDTA,12.50%,3,05/05/2023,05/05/2023,yes
bone_marrow,EDTA,12.50%,3,05/05/2023,05/05/2023,yes
bone_marrow,EDTA,12.50%,3,05/05/2023,05/05/2023,yes
bone_marrow,EDTA,12.50%,3,05/05/2023,05/05/2023,yes
bone_marrow,EDTA,12.50%,3,05/05/2023,05/05/2023,yes
bone_marrow,EDTA,12.50%,3,05/05/2023,05/05/2023,yes
bone_marrow,EDTA,12.50%,3,05/05/2023,05/05/2023,yes
bone_marrow,EDTA,12.50%,3,05/05/2023,05/05/2023,yes
bone_marrow,EDTA,12.50%,3,05/05/2023,05/05/2023,yes
bone_marrow,EDTA,12.50%,3,05/05/2023,05/05/2023,yes
bone_marrow,EDTA,12.50%,3,05/05/2023,05/05/2023,yes
bone_marrow,EDTA,12.50%,3,05/05/2023,05/05/2023,yes
bone_marrow,EDTA,12.50%,3,05/05/2023,05/05/2023,yes
bone_marrow,EDTA,12.50%,3,05/05/2023,05/05/2023,yes
bone_marrow,EDTA,12.50%,3,05/05/2023,05/05/2023,yes
bone_marrow,EDTA,12.50%,3,05/05/2023,05/05/2023,yes
bone_marrow,EDTA,12.50%,3,05/05/2023,05/05/2023,yes
bone_marrow,EDTA,12.50%,3,05/05/2023,05/05/2023,yes
bone_marrow,EDTA,12.50%,3,05/05/2023,05/05/2023,yes
bone_marrow,EDTA,12.50%,3,05/05/2023,05/05/2023,yes
bone_marrow,EDTA,12.50%,3,05/05/2023,05/05/2023,yes
bone_marrow,EDTA,12.50%,3,05/05/2023,05/05/2023,yes
bone_marrow,EDTA,12.50%,3,05/05/2023,05/05/2023,yes
bone_marrow,EDTA,12.50%,3,05/05/2023,05/05/2023,yes
bone_marrow,EDTA,12.50%,3,05/05/2023,05/05/2023,yes
bone_marrow,EDTA,12.50%,3,05/05/2023,05/05/2023,yes
bone_marrow,EDTA,12.50%,3,05/05/2023,05/05/2023,yes
bone_marrow,EDTA,12.50%,3,05/05/2023,05/05/2023,yes
bone_marrow,EDTA,12.50%,3,05/05/2023,05/05/2023,yes
bone_marrow,EDTA,12.50%,3,05/05/2023,05/05/2023,yes
bone_marrow,EDTA,12.50%,3,05/05/2023,05/05/2023,yes
bone_marrow,EDTA,12.50%,3,05/05/2023,05/05/2023,yes
bone_marrow,EDTA,12.50%,3,05/05/2023,05/05/2023,yes
bone_marrow,EDTA,12.50%,3,05/05/2023,05/05/2023,yes
bone_marrow,EDTA,12.50%,3,05/05/2023,05/05/2023,yes
bone_marrow,EDTA,12.50%,3,05/05/2023,05/05/2023,yes
bone_marrow,EDTA,12.50%,3,05/05/2023,05/05/2023,yes
bone_marrow,EDTA,12.50%,3,05/05/2023,05/05/2023,yes
bone_marrow,EDTA,12.50%,3,05/05/2023,05/05/2023,yes
bone_marrow,EDTA,12.50%,3,05/05/2023,05/05/2023,yes
bone_marrow,EDTA,12.50%,3,05/05/2023,05/05/2023,yes
bone_marrow,EDTA,12.50%,3,05/05/2023,05/05/2023,yes
bone_marrow,EDTA,12.50%,3,05/05/2023,05/05/2023,yes
bone_marrow,EDTA,12.50%,3,05/05/2023,05/05/2023,yes
bone_marrow,EDTA,12.50%,3,05/05/2023,05/05/2023,yes
bone_marrow,EDTA,12.50%,3,05/05/2023,05/05/2023,yes
bone_marrow,EDTA,12.50%,3,05/05/2023,05/05/2023,yes
bone_marrow,EDTA,12.50%,3,05/05/2023,05/05/2023,yes
bone_marrow,EDTA,12.50%,3,05/05/2023,05/05/2023,yes
bone_marrow,EDTA,12.50%,3,05/05/2023,05/05/2023,yes
bone_marrow,EDTA,12.50%,3,05/05/2023,05/05/2023,yes
bone_marrow,EDTA,12.50%,2.6,05/05/2023,05/05/2023,no
bone_marrow,EDTA,12.50%,1.2,05/05/2023,05/05/2023,no
bone_marrow,EDTA,12.50%,1,05/05/2023,05/05/2023,no
bone_marrow,EDTA,12.50%,0.8,05/05/2023,05/05/2023,no
bone_marrow,EDTA,12.50%,0.3,05/05/2023,05/05/2023,no
bone_marrow,EDTA,12.50%,2.1,05/05/2023,05/05/2023,no
bone_marrow,EDTA,12.50%,2.3,05/05/2023,05/05/2023,no
bone_marrow,EDTA,12.50%,1.2,05/05/2023,05/05/2023,no
bone_marrow,EDTA,12.50%,0.7,05/05/2023,05/05/2023,no
bone_marrow,EDTA,12.50%,0.6,05/05/2023,05/05/2023,no
bone_marrow,EDTA,12.50%,1.8,05/05/2023,05/05/2023,no
bone_marrow,EDTA,12.50%,0.1,05/05/2023,05/05/2023,no
bone_marrow,EDTA,12.50%,1.7,05/05/2023,05/05/2023,no
bone_marrow,EDTA,12.50%,2.8,05/05/2023,05/05/2023,no
bone_marrow,EDTA,12.50%,2.2,05/05/2023,05/05/2023,no
bone_marrow,EDTA,12.50%,0.9,05/05/2023,05/05/2023,no
bone_marrow,EDTA,12.50%,1.5,05/05/2023,05/05/2023,no
bone_marrow,EDTA,12.50%,2.5,05/05/2023,05/05/2023,no
bone_marrow,EDTA,12.50%,2.9,05/05/2023,05/05/2023,no
bone_marrow,EDTA,12.50%,2.6,05/05/2023,05/05/2023,no
bone_marrow,EDTA,12.50%,1.2,05/05/2023,05/05/2023,no
bone_marrow,EDTA,12.50%,1,05/05/2023,05/05/2023,no
bone_marrow,EDTA,12.50%,2.3,05/05/2023,05/05/2023,no
bone_marrow,EDTA,12.50%,1.2,05/05/2023,05/05/2023,no
bone_marrow,EDTA,12.50%,0.7,05/05/2023,05/05/2023,no
bone_marrow,EDTA,12.50%,0.6,05/05/2023,05/05/2023,no
bone_marrow,EDTA,12.50%,1.8,05/05/2023,05/05/2023,no
bone_marrow,EDTA,12.50%,0.1,05/05/2023,05/05/2023,no
bone_marrow,EDTA,12.50%,1.5,05/05/2023,05/05/2023,no
bone_marrow,EDTA,12.50%,2.5,05/05/2023,05/05/2023,no
bone_marrow,EDTA,20%,7.5,05/05/2023,05/05/2023,yes
bone_marrow,EDTA,20%,7.5,05/05/2023,05/05/2023,yes
bone_marrow,EDTA,20%,7.5,05/05/2023,05/05/2023,yes
bone_marrow,EDTA,20%,7.5,05/05/2023,05/05/2023,yes
bone_marrow,EDTA,20%,7.5,05/05/2023,05/05/2023,yes
bone_marrow,EDTA,20%,7.5,05/05/2023,05/05/2023,yes
bone_marrow,EDTA,20%,7.5,05/05/2023,05/05/2023,yes
bone_marrow,EDTA,20%,7.5,05/05/2023,05/05/2023,yes
bone_marrow,EDTA,20%,7.5,05/05/2023,05/05/2023,yes
bone_marrow,EDTA,20%,7.5,05/05/2023,05/05/2023,yes
bone_marrow,EDTA,20%,7.5,05/05/2023,05/05/2023,yes
bone_marrow,EDTA,20%,7.5,05/05/2023,05/05/2023,yes
bone_marrow,EDTA,20%,7.5,05/05/2023,05/05/2023,yes
bone_marrow,EDTA,20%,7.5,05/05/2023,05/05/2023,yes
bone_marrow,EDTA,20%,7.5,05/05/2023,05/05/2023,yes
bone_marrow,EDTA,20%,7.5,05/05/2023,05/05/2023,yes
bone_marrow,EDTA,20%,7.5,05/05/2023,05/05/2023,yes
bone_marrow,EDTA,20%,7.5,05/05/2023,05/05/2023,yes
bone_marrow,EDTA,20%,7.5,05/05/2023,05/05/2023,yes
bone_marrow,EDTA,20%,7.5,05/05/2023,05/05/2023,yes
bone_marrow,EDTA,20%,7.5,05/05/2023,05/05/2023,yes
bone_marrow,EDTA,20%,7.5,05/05/2023,05/05/2023,yes
bone_marrow,EDTA,20%,7.5,05/05/2023,05/05/2023,yes
bone_marrow,EDTA,20%,7.5,05/05/2023,05/05/2023,yes
bone_marrow,EDTA,20%,7.5,05/05/2023,05/05/2023,yes
bone_marrow,EDTA,20%,7.5,05/05/2023,05/05/2023,yes
bone_marrow,EDTA,20%,7.5,05/05/2023,05/05/2023,yes
bone_marrow,EDTA,20%,7.5,05/05/2023,05/05/2023,yes
bone_marrow,EDTA,20%,7.5,05/05/2023,05/05/2023,yes
bone_marrow,EDTA,20%,7.5,05/05/2023,05/05/2023,yes
bone_marrow,EDTA,20%,7.5,05/05/2023,05/05/2023,yes
bone_marrow,EDTA,20%,7.5,05/05/2023,05/05/2023,yes
bone_marrow,EDTA,20%,7.5,05/05/2023,05/05/2023,yes
bone_marrow,EDTA,20%,7.5,05/05/2023,05/05/2023,yes
bone_marrow,EDTA,20%,7.5,05/05/2023,05/05/2023,yes
bone_marrow,EDTA,20%,7.5,05/05/2023,05/05/2023,yes
bone_marrow,EDTA,20%,7.5,05/05/2023,05/05/2023,yes
bone_marrow,EDTA,20%,7.5,05/05/2023,05/05/2023,yes
bone_marrow,EDTA,20%,7.5,05/05/2023,05/05/2023,yes
bone_marrow,EDTA,20%,7.5,05/05/2023,05/05/2023,yes
bone_marrow,EDTA,20%,7.5,05/05/2023,05/05/2023,yes
bone_marrow,EDTA,20%,7.5,05/05/2023,05/05/2023,yes
bone_marrow,EDTA,20%,7.5,05/05/2023,05/05/2023,yes
bone_marrow,EDTA,20%,7.5,05/05/2023,05/05/2023,yes
bone_marrow,EDTA,20%,7.5,05/05/2023,05/05/2023,yes
bone_marrow,EDTA,20%,7.5,05/05/2023,05/05/2023,yes
bone_marrow,EDTA,20%,7.5,05/05/2023,05/05/2023,yes
bone_marrow,EDTA,20%,7.5,05/05/2023,05/05/2023,yes
bone_marrow,EDTA,20%,7.5,05/05/2023,05/05/2023,yes
bone_marrow,EDTA,20%,7.5,05/05/2023,05/05/2023,yes
bone_marrow,EDTA,20%,7.5,05/05/2023,05/05/2023,yes
bone_marrow,EDTA,20%,7.5,05/05/2023,05/05/2023,yes
bone_marrow,EDTA,20%,7.5,05/05/2023,05/05/2023,yes
bone_marrow,EDTA,20%,7.5,05/05/2023,05/05/2023,yes
bone_marrow,EDTA,20%,7.5,05/05/2023,05/05/2023,yes
bone_marrow,EDTA,20%,7.5,05/05/2023,05/05/2023,yes
bone_marrow,EDTA,20%,7.5,05/05/2023,05/05/2023,yes
bone_marrow,EDTA,20%,7.5,05/05/2023,05/05/2023,yes
bone_marrow,EDTA,20%,7.5,05/05/2023,05/05/2023,yes
bone_marrow,EDTA,20%,7.5,05/05/2023,05/05/2023,yes
bone_marrow,EDTA,20%,7.5,05/05/2023,05/05/2023,yes
bone_marrow,EDTA,20%,7.5,05/05/2023,05/05/2023,yes
bone_marrow,EDTA,20%,7.5,05/05/2023,05/05/2023,yes
bone_marrow,EDTA,20%,7.5,05/05/2023,05/05/2023,yes
bone_marrow,EDTA,20%,7.5,05/05/2023,05/05/2023,yes
bone_marrow,EDTA,20%,7.5,05/05/2023,05/05/2023,yes
bone_marrow,EDTA,20%,7.5,05/05/2023,05/05/2023,yes
bone_marrow,EDTA,20%,7.5,05/05/2023,05/05/2023,yes
bone_marrow,EDTA,20%,7.5,05/05/2023,05/05/2023,yes
bone_marrow,EDTA,20%,7.5,05/05/2023,05/05/2023,yes
bone_marrow,EDTA,20%,5.2,05/05/2023,05/05/2023,no
bone_marrow,EDTA,20%,2.3,05/05/2023,05/05/2023,no
bone_marrow,EDTA,20%,3.9,05/05/2023,05/05/2023,no
bone_marrow,EDTA,20%,6.1,05/05/2023,05/05/2023,no
bone_marrow,EDTA,20%,0.2,05/05/2023,05/05/2023,no
bone_marrow,EDTA,20%,7.3,05/05/2023,05/05/2023,no
bone_marrow,EDTA,20%,0.8,05/05/2023,05/05/2023,no
bone_marrow,EDTA,20%,0.3,05/05/2023,05/05/2023,no
bone_marrow,EDTA,20%,2.1,05/05/2023,05/05/2023,no
bone_marrow,EDTA,20%,2.3,05/05/2023,05/05/2023,no
bone_marrow,EDTA,20%,1.2,05/05/2023,05/05/2023,no
bone_marrow,EDTA,20%,0.7,05/05/2023,05/05/2023,no
bone_marrow,EDTA,20%,0.3,05/05/2023,05/05/2023,no
bone_marrow,EDTA,20%,5.1,05/05/2023,05/05/2023,no
bone_marrow,EDTA,20%,4.9,05/05/2023,05/05/2023,no
bone_marrow,EDTA,20%,3.7,05/05/2023,05/05/2023,no
bone_marrow,EDTA,20%,2.2,05/05/2023,05/05/2023,no
bone_marrow,EDTA,20%,0.1,05/05/2023,05/05/2023,no
bone_marrow,EDTA,20%,3.3,05/05/2023,05/05/2023,no
bone_marrow,EDTA,20%,1.2,05/05/2023,05/05/2023,no
bone_marrow,EDTA,20%,5.7,05/05/2023,05/05/2023,no
bone_marrow,EDTA,20%,2.6,05/05/2023,05/05/2023,no
bone_marrow,EDTA,20%,1.2,05/05/2023,05/05/2023,no
bone_marrow,EDTA,20%,1,05/05/2023,05/05/2023,no
bone_marrow,EDTA,20%,0.8,05/05/2023,05/05/2023,no
bone_marrow,EDTA,20%,0.3,05/05/2023,05/05/2023,no
bone_marrow,EDTA,20%,2.1,05/05/2023,05/05/2023,no
bone_marrow,EDTA,20%,2.3,05/05/2023,05/05/2023,no
bone_marrow,EDTA,20%,1.2,05/05/2023,05/05/2023,no
bone_marrow,EDTA,20%,0.7,05/05/2023,05/05/2023,no
bone_marrow,gooding_and_stewart,10%,6,05/05/2023,05/05/2023,yes
bone_marrow,gooding_and_stewart,10%,6,05/05/2023,05/05/2023,yes
bone_marrow,gooding_and_stewart,10%,6,05/05/2023,05/05/2023,yes
bone_marrow,gooding_and_stewart,10%,6,05/05/2023,05/05/2023,yes
bone_marrow,gooding_and_stewart,10%,6,05/05/2023,05/05/2023,yes
bone_marrow,gooding_and_stewart,10%,6,05/05/2023,05/05/2023,yes
bone_marrow,gooding_and_stewart,10%,6,05/05/2023,05/05/2023,yes
bone_marrow,gooding_and_stewart,10%,6,05/05/2023,05/05/2023,yes
bone_marrow,gooding_and_stewart,10%,6,05/05/2023,05/05/2023,yes
bone_marrow,gooding_and_stewart,10%,6,05/05/2023,05/05/2023,yes
bone_marrow,gooding_and_stewart,10%,6,05/05/2023,05/05/2023,yes
bone_marrow,gooding_and_stewart,10%,6,05/05/2023,05/05/2023,yes
bone_marrow,gooding_and_stewart,10%,6,05/05/2023,05/05/2023,yes
bone_marrow,gooding_and_stewart,10%,6,05/05/2023,05/05/2023,yes
bone_marrow,gooding_and_stewart,10%,6,05/05/2023,05/05/2023,yes
bone_marrow,gooding_and_stewart,10%,6,05/05/2023,05/05/2023,yes
bone_marrow,gooding_and_stewart,10%,6,05/05/2023,05/05/2023,yes
bone_marrow,gooding_and_stewart,10%,6,05/05/2023,05/05/2023,yes
bone_marrow,gooding_and_stewart,10%,6,05/05/2023,05/05/2023,yes
bone_marrow,gooding_and_stewart,10%,6,05/05/2023,05/05/2023,yes
bone_marrow,gooding_and_stewart,10%,6,05/05/2023,05/05/2023,yes
bone_marrow,gooding_and_stewart,10%,6,05/05/2023,05/05/2023,yes
bone_marrow,gooding_and_stewart,10%,6,05/05/2023,05/05/2023,yes
bone_marrow,gooding_and_stewart,10%,6,05/05/2023,05/05/2023,yes
bone_marrow,gooding_and_stewart,10%,6,05/05/2023,05/05/2023,yes
bone_marrow,gooding_and_stewart,10%,6,05/05/2023,05/05/2023,yes
bone_marrow,gooding_and_stewart,10%,6,05/05/2023,05/05/2023,yes
bone_marrow,gooding_and_stewart,10%,6,05/05/2023,05/05/2023,yes
bone_marrow,gooding_and_stewart,10%,6,05/05/2023,05/05/2023,yes
bone_marrow,gooding_and_stewart,10%,6,05/05/2023,05/05/2023,yes
bone_marrow,gooding_and_stewart,10%,6,05/05/2023,05/05/2023,yes
bone_marrow,gooding_and_stewart,10%,6,05/05/2023,05/05/2023,yes
bone_marrow,gooding_and_stewart,10%,6,05/05/2023,05/05/2023,yes
bone_marrow,gooding_and_stewart,10%,6,05/05/2023,05/05/2023,yes
bone_marrow,gooding_and_stewart,10%,6,05/05/2023,05/05/2023,yes
bone_marrow,gooding_and_stewart,10%,6,05/05/2023,05/05/2023,yes
bone_marrow,gooding_and_stewart,10%,6,05/05/2023,05/05/2023,yes
bone_marrow,gooding_and_stewart,10%,6,05/05/2023,05/05/2023,yes
bone_marrow,gooding_and_stewart,10%,6,05/05/2023,05/05/2023,yes
bone_marrow,gooding_and_stewart,10%,6,05/05/2023,05/05/2023,yes
bone_marrow,gooding_and_stewart,10%,6,05/05/2023,05/05/2023,yes
bone_marrow,gooding_and_stewart,10%,6,05/05/2023,05/05/2023,yes
bone_marrow,gooding_and_stewart,10%,6,05/05/2023,05/05/2023,yes
bone_marrow,gooding_and_stewart,10%,6,05/05/2023,05/05/2023,yes
bone_marrow,gooding_and_stewart,10%,6,05/05/2023,05/05/2023,yes
bone_marrow,gooding_and_stewart,10%,6,05/05/2023,05/05/2023,yes
bone_marrow,gooding_and_stewart,10%,6,05/05/2023,05/05/2023,yes
bone_marrow,gooding_and_stewart,10%,6,05/05/2023,05/05/2023,yes
bone_marrow,gooding_and_stewart,10%,6,05/05/2023,05/05/2023,yes
bone_marrow,gooding_and_stewart,10%,6,05/05/2023,05/05/2023,yes
bone_marrow,gooding_and_stewart,10%,6,05/05/2023,05/05/2023,yes
bone_marrow,gooding_and_stewart,10%,6,05/05/2023,05/05/2023,yes
bone_marrow,gooding_and_stewart,10%,6,05/05/2023,05/05/2023,yes
bone_marrow,gooding_and_stewart,10%,6,05/05/2023,05/05/2023,yes
bone_marrow,gooding_and_stewart,10%,6,05/05/2023,05/05/2023,yes
bone_marrow,gooding_and_stewart,10%,6,05/05/2023,05/05/2023,yes
bone_marrow,gooding_and_stewart,10%,6,05/05/2023,05/05/2023,yes
bone_marrow,gooding_and_stewart,10%,6,05/05/2023,05/05/2023,yes
bone_marrow,gooding_and_stewart,10%,6,05/05/2023,05/05/2023,yes
bone_marrow,gooding_and_stewart,10%,6,05/05/2023,05/05/2023,yes
bone_marrow,gooding_and_stewart,10%,6,05/05/2023,05/05/2023,yes
bone_marrow,gooding_and_stewart,10%,6,05/05/2023,05/05/2023,yes
bone_marrow,gooding_and_stewart,10%,6,05/05/2023,05/05/2023,yes
bone_marrow,gooding_and_stewart,10%,6,05/05/2023,05/05/2023,yes
bone_marrow,gooding_and_stewart,10%,6,05/05/2023,05/05/2023,yes
bone_marrow,gooding_and_stewart,10%,6,05/05/2023,05/05/2023,yes
bone_marrow,gooding_and_stewart,10%,6,05/05/2023,05/05/2023,yes
bone_marrow,gooding_and_stewart,10%,6,05/05/2023,05/05/2023,yes
bone_marrow,gooding_and_stewart,10%,6,05/05/2023,05/05/2023,yes
bone_marrow,gooding_and_stewart,10%,6,05/05/2023,05/05/2023,yes
bone_marrow,gooding_and_stewart,10%,3.3,05/05/2023,05/05/2023,no
bone_marrow,gooding_and_stewart,10%,1.2,05/05/2023,05/05/2023,no
bone_marrow,gooding_and_stewart,10%,5.7,05/05/2023,05/05/2023,no
bone_marrow,gooding_and_stewart,10%,4.1,05/05/2023,05/05/2023,no
bone_marrow,gooding_and_stewart,10%,3.9,05/05/2023,05/05/2023,no
bone_marrow,gooding_and_stewart,10%,1,05/05/2023,05/05/2023,no
bone_marrow,gooding_and_stewart,10%,0.8,05/05/2023,05/05/2023,no
bone_marrow,gooding_and_stewart,10%,0.3,05/05/2023,05/05/2023,no
bone_marrow,gooding_and_stewart,10%,2.1,05/05/2023,05/05/2023,no
bone_marrow,gooding_and_stewart,10%,2.3,05/05/2023,05/05/2023,no
bone_marrow,gooding_and_stewart,10%,1.2,05/05/2023,05/05/2023,no
bone_marrow,gooding_and_stewart,10%,0.7,05/05/2023,05/05/2023,no
bone_marrow,gooding_and_stewart,10%,0.3,05/05/2023,05/05/2023,no
bone_marrow,gooding_and_stewart,10%,5.1,05/05/2023,05/05/2023,no
bone_marrow,gooding_and_stewart,10%,4.9,05/05/2023,05/05/2023,no
bone_marrow,gooding_and_stewart,10%,3.7,05/05/2023,05/05/2023,no
bone_marrow,gooding_and_stewart,10%,2.2,05/05/2023,05/05/2023,no
bone_marrow,gooding_and_stewart,10%,0.1,05/05/2023,05/05/2023,no
bone_marrow,gooding_and_stewart,10%,3.3,05/05/2023,05/05/2023,no
bone_marrow,gooding_and_stewart,10%,1.2,05/05/2023,05/05/2023,no
bone_marrow,gooding_and_stewart,10%,5.7,05/05/2023,05/05/2023,no
bone_marrow,gooding_and_stewart,10%,4.1,05/05/2023,05/05/2023,no
bone_marrow,gooding_and_stewart,10%,3.9,05/05/2023,05/05/2023,no
bone_marrow,gooding_and_stewart,10%,1,05/05/2023,05/05/2023,no
bone_marrow,gooding_and_stewart,10%,0.9,05/05/2023,05/05/2023,no
bone_marrow,gooding_and_stewart,10%,1.5,05/05/2023,05/05/2023,no
bone_marrow,gooding_and_stewart,10%,2.5,05/05/2023,05/05/2023,no
bone_marrow,gooding_and_stewart,10%,2.9,05/05/2023,05/05/2023,no
bone_marrow,gooding_and_stewart,10%,2.6,05/05/2023,05/05/2023,no
bone_marrow,gooding_and_stewart,10%,1.2,05/05/2023,05/05/2023,no
bone_marrow,formic_acid,10%,72,05/05/2023,08/05/2023,yes
bone_marrow,formic_acid,10%,72,05/05/2023,08/05/2023,yes
bone_marrow,formic_acid,10%,72,05/05/2023,08/05/2023,yes
bone_marrow,formic_acid,10%,72,05/05/2023,08/05/2023,yes
bone_marrow,formic_acid,10%,72,05/05/2023,08/05/2023,yes
bone_marrow,formic_acid,10%,72,05/05/2023,08/05/2023,yes
bone_marrow,formic_acid,10%,72,05/05/2023,08/05/2023,yes
bone_marrow,formic_acid,10%,72,05/05/2023,08/05/2023,yes
bone_marrow,formic_acid,10%,72,05/05/2023,08/05/2023,yes
bone_marrow,formic_acid,10%,72,05/05/2023,08/05/2023,yes
bone_marrow,formic_acid,10%,72,05/05/2023,08/05/2023,yes
bone_marrow,formic_acid,10%,72,05/05/2023,08/05/2023,yes
bone_marrow,formic_acid,10%,72,05/05/2023,08/05/2023,yes
bone_marrow,formic_acid,10%,72,05/05/2023,08/05/2023,yes
bone_marrow,formic_acid,10%,72,05/05/2023,08/05/2023,yes
bone_marrow,formic_acid,10%,72,05/05/2023,08/05/2023,yes
bone_marrow,formic_acid,10%,72,05/05/2023,08/05/2023,yes
bone_marrow,formic_acid,10%,72,05/05/2023,08/05/2023,yes
bone_marrow,formic_acid,10%,72,05/05/2023,08/05/2023,yes
bone_marrow,formic_acid,10%,72,05/05/2023,08/05/2023,yes
bone_marrow,formic_acid,10%,72,05/05/2023,08/05/2023,yes
bone_marrow,formic_acid,10%,72,05/05/2023,08/05/2023,yes
bone_marrow,formic_acid,10%,72,05/05/2023,08/05/2023,yes
bone_marrow,formic_acid,10%,72,05/05/2023,08/05/2023,yes
bone_marrow,formic_acid,10%,72,05/05/2023,08/05/2023,yes
bone_marrow,formic_acid,10%,72,05/05/2023,08/05/2023,yes
bone_marrow,formic_acid,10%,72,05/05/2023,08/05/2023,yes
bone_marrow,formic_acid,10%,72,05/05/2023,08/05/2023,yes
bone_marrow,formic_acid,10%,72,05/05/2023,08/05/2023,yes
bone_marrow,formic_acid,10%,72,05/05/2023,08/05/2023,yes
bone_marrow,formic_acid,10%,72,05/05/2023,08/05/2023,yes
bone_marrow,formic_acid,10%,72,05/05/2023,08/05/2023,yes
bone_marrow,formic_acid,10%,72,05/05/2023,08/05/2023,yes
bone_marrow,formic_acid,10%,72,05/05/2023,08/05/2023,yes
bone_marrow,formic_acid,10%,72,05/05/2023,08/05/2023,yes
bone_marrow,formic_acid,10%,72,05/05/2023,08/05/2023,yes
bone_marrow,formic_acid,10%,72,05/05/2023,08/05/2023,yes
bone_marrow,formic_acid,10%,72,05/05/2023,08/05/2023,yes
bone_marrow,formic_acid,10%,72,05/05/2023,08/05/2023,yes
bone_marrow,formic_acid,10%,72,05/05/2023,08/05/2023,yes
bone_marrow,formic_acid,10%,72,05/05/2023,08/05/2023,yes
bone_marrow,formic_acid,10%,72,05/05/2023,08/05/2023,yes
bone_marrow,formic_acid,10%,72,05/05/2023,08/05/2023,yes
bone_marrow,formic_acid,10%,72,05/05/2023,08/05/2023,yes
bone_marrow,formic_acid,10%,72,05/05/2023,08/05/2023,yes
bone_marrow,formic_acid,10%,72,05/05/2023,08/05/2023,yes
bone_marrow,formic_acid,10%,72,05/05/2023,08/05/2023,yes
bone_marrow,formic_acid,10%,72,05/05/2023,08/05/2023,yes
bone_marrow,formic_acid,10%,72,05/05/2023,08/05/2023,yes
bone_marrow,formic_acid,10%,72,05/05/2023,08/05/2023,yes
bone_marrow,formic_acid,10%,72,05/05/2023,08/05/2023,yes
bone_marrow,formic_acid,10%,72,05/05/2023,08/05/2023,yes
bone_marrow,formic_acid,10%,72,05/05/2023,08/05/2023,yes
bone_marrow,formic_acid,10%,72,05/05/2023,08/05/2023,yes
bone_marrow,formic_acid,10%,72,05/05/2023,08/05/2023,yes
bone_marrow,formic_acid,10%,72,05/05/2023,08/05/2023,yes
bone_marrow,formic_acid,10%,72,05/05/2023,08/05/2023,yes
bone_marrow,formic_acid,10%,72,05/05/2023,08/05/2023,yes
bone_marrow,formic_acid,10%,72,05/05/2023,08/05/2023,yes
bone_marrow,formic_acid,10%,72,05/05/2023,08/05/2023,yes
bone_marrow,formic_acid,10%,72,05/05/2023,08/05/2023,yes
bone_marrow,formic_acid,10%,72,05/05/2023,08/05/2023,yes
bone_marrow,formic_acid,10%,72,05/05/2023,08/05/2023,yes
bone_marrow,formic_acid,10%,72,05/05/2023,08/05/2023,yes
bone_marrow,formic_acid,10%,72,05/05/2023,08/05/2023,yes
bone_marrow,formic_acid,10%,72,05/05/2023,08/05/2023,yes
bone_marrow,formic_acid,10%,72,05/05/2023,08/05/2023,yes
bone_marrow,formic_acid,10%,72,05/05/2023,08/05/2023,yes
bone_marrow,formic_acid,10%,72,05/05/2023,08/05/2023,yes
bone_marrow,formic_acid,10%,72,05/05/2023,08/05/2023,yes
bone_marrow,formic_acid,10%,5,05/05/2023,05/05/2023,no
bone_marrow,formic_acid,10%,21,05/05/2023,06/05/2023,no
bone_marrow,formic_acid,10%,40,05/05/2023,07/05/2023,no
bone_marrow,formic_acid,10%,19,05/05/2023,06/05/2023,no
bone_marrow,formic_acid,10%,3,05/05/2023,05/05/2023,no
bone_marrow,formic_acid,10%,10,05/05/2023,05/05/2023,no
bone_marrow,formic_acid,10%,14,05/05/2023,06/05/2023,no
bone_marrow,formic_acid,10%,32,05/05/2023,06/05/2023,no
bone_marrow,formic_acid,10%,69,05/05/2023,08/05/2023,no
bone_marrow,formic_acid,10%,55,05/05/2023,07/05/2023,no
bone_marrow,formic_acid,10%,27,05/05/2023,06/05/2023,no
bone_marrow,formic_acid,10%,45,05/05/2023,07/05/2023,no
bone_marrow,formic_acid,10%,19,05/05/2023,06/05/2023,no
bone_marrow,formic_acid,10%,21,05/05/2023,06/05/2023,no
bone_marrow,formic_acid,10%,70,05/05/2023,08/05/2023,no
bone_marrow,formic_acid,10%,55,05/05/2023,07/05/2023,no
bone_marrow,formic_acid,10%,33,05/05/2023,06/05/2023,no
bone_marrow,formic_acid,10%,39,05/05/2023,07/05/2023,no
bone_marrow,formic_acid,10%,15,05/05/2023,06/05/2023,no
bone_marrow,formic_acid,10%,64,05/05/2023,08/05/2023,no
bone_marrow,formic_acid,10%,35,05/05/2023,06/05/2023,no
bone_marrow,formic_acid,10%,20,05/05/2023,06/05/2023,no
bone_marrow,formic_acid,10%,12,05/05/2023,06/05/2023,no
bone_marrow,formic_acid,10%,33,05/05/2023,06/05/2023,no
bone_marrow,formic_acid,10%,20,05/05/2023,06/05/2023,no
bone_marrow,formic_acid,10%,48,05/05/2023,07/05/2023,no
bone_marrow,formic_acid,10%,10,05/05/2023,06/05/2023,no
bone_marrow,formic_acid,10%,14,05/05/2023,06/05/2023,no
bone_marrow,formic_acid,10%,32,05/05/2023,06/05/2023,no
bone_marrow,formic_acid,10%,69,05/05/2023,08/05/2023,no
bone_marrow,hammersmith,10%,6,05/05/2023,05/05/2023,yes
bone_marrow,hammersmith,10%,6,05/05/2023,05/05/2023,yes
bone_marrow,hammersmith,10%,6,05/05/2023,05/05/2023,yes
bone_marrow,hammersmith,10%,6,05/05/2023,05/05/2023,yes
bone_marrow,hammersmith,10%,6,05/05/2023,05/05/2023,yes
bone_marrow,hammersmith,10%,6,05/05/2023,05/05/2023,yes
bone_marrow,hammersmith,10%,6,05/05/2023,05/05/2023,yes
bone_marrow,hammersmith,10%,6,05/05/2023,05/05/2023,yes
bone_marrow,hammersmith,10%,6,05/05/2023,05/05/2023,yes
bone_marrow,hammersmith,10%,6,05/05/2023,05/05/2023,yes
bone_marrow,hammersmith,10%,6,05/05/2023,05/05/2023,yes
bone_marrow,hammersmith,10%,6,05/05/2023,05/05/2023,yes
bone_marrow,hammersmith,10%,6,05/05/2023,05/05/2023,yes
bone_marrow,hammersmith,10%,6,05/05/2023,05/05/2023,yes
bone_marrow,hammersmith,10%,6,05/05/2023,05/05/2023,yes
bone_marrow,hammersmith,10%,6,05/05/2023,05/05/2023,yes
bone_marrow,hammersmith,10%,6,05/05/2023,05/05/2023,yes
bone_marrow,hammersmith,10%,6,05/05/2023,05/05/2023,yes
bone_marrow,hammersmith,10%,6,05/05/2023,05/05/2023,yes
bone_marrow,hammersmith,10%,6,05/05/2023,05/05/2023,yes
bone_marrow,hammersmith,10%,6,05/05/2023,05/05/2023,yes
bone_marrow,hammersmith,10%,6,05/05/2023,05/05/2023,yes
bone_marrow,hammersmith,10%,6,05/05/2023,05/05/2023,yes
bone_marrow,hammersmith,10%,6,05/05/2023,05/05/2023,yes
bone_marrow,hammersmith,10%,6,05/05/2023,05/05/2023,yes
bone_marrow,hammersmith,10%,6,05/05/2023,05/05/2023,yes
bone_marrow,hammersmith,10%,6,05/05/2023,05/05/2023,yes
bone_marrow,hammersmith,10%,6,05/05/2023,05/05/2023,yes
bone_marrow,hammersmith,10%,6,05/05/2023,05/05/2023,yes
bone_marrow,hammersmith,10%,6,05/05/2023,05/05/2023,yes
bone_marrow,hammersmith,10%,6,05/05/2023,05/05/2023,yes
bone_marrow,hammersmith,10%,6,05/05/2023,05/05/2023,yes
bone_marrow,hammersmith,10%,6,05/05/2023,05/05/2023,yes
bone_marrow,hammersmith,10%,6,05/05/2023,05/05/2023,yes
bone_marrow,hammersmith,10%,6,05/05/2023,05/05/2023,yes
bone_marrow,hammersmith,10%,6,05/05/2023,05/05/2023,yes
bone_marrow,hammersmith,10%,6,05/05/2023,05/05/2023,yes
bone_marrow,hammersmith,10%,6,05/05/2023,05/05/2023,yes
bone_marrow,hammersmith,10%,6,05/05/2023,05/05/2023,yes
bone_marrow,hammersmith,10%,6,05/05/2023,05/05/2023,yes
bone_marrow,hammersmith,10%,6,05/05/2023,05/05/2023,yes
bone_marrow,hammersmith,10%,6,05/05/2023,05/05/2023,yes
bone_marrow,hammersmith,10%,6,05/05/2023,05/05/2023,yes
bone_marrow,hammersmith,10%,6,05/05/2023,05/05/2023,yes
bone_marrow,hammersmith,10%,6,05/05/2023,05/05/2023,yes
bone_marrow,hammersmith,10%,6,05/05/2023,05/05/2023,yes
bone_marrow,hammersmith,10%,6,05/05/2023,05/05/2023,yes
bone_marrow,hammersmith,10%,6,05/05/2023,05/05/2023,yes
bone_marrow,hammersmith,10%,6,05/05/2023,05/05/2023,yes
bone_marrow,hammersmith,10%,6,05/05/2023,05/05/2023,yes
bone_marrow,hammersmith,10%,6,05/05/2023,05/05/2023,yes
bone_marrow,hammersmith,10%,6,05/05/2023,05/05/2023,yes
bone_marrow,hammersmith,10%,6,05/05/2023,05/05/2023,yes
bone_marrow,hammersmith,10%,6,05/05/2023,05/05/2023,yes
bone_marrow,hammersmith,10%,6,05/05/2023,05/05/2023,yes
bone_marrow,hammersmith,10%,6,05/05/2023,05/05/2023,yes
bone_marrow,hammersmith,10%,6,05/05/2023,05/05/2023,yes
bone_marrow,hammersmith,10%,6,05/05/2023,05/05/2023,yes
bone_marrow,hammersmith,10%,6,05/05/2023,05/05/2023,yes
bone_marrow,hammersmith,10%,6,05/05/2023,05/05/2023,yes
bone_marrow,hammersmith,10%,6,05/05/2023,05/05/2023,yes
bone_marrow,hammersmith,10%,6,05/05/2023,05/05/2023,yes
bone_marrow,hammersmith,10%,6,05/05/2023,05/05/2023,yes
bone_marrow,hammersmith,10%,6,05/05/2023,05/05/2023,yes
bone_marrow,hammersmith,10%,6,05/05/2023,05/05/2023,yes
bone_marrow,hammersmith,10%,6,05/05/2023,05/05/2023,yes
bone_marrow,hammersmith,10%,6,05/05/2023,05/05/2023,yes
bone_marrow,hammersmith,10%,6,05/05/2023,05/05/2023,yes
bone_marrow,hammersmith,10%,6,05/05/2023,05/05/2023,yes
bone_marrow,hammersmith,10%,6,05/05/2023,05/05/2023,yes
bone_marrow,hammersmith,10%,1.2,05/05/2023,05/05/2023,no
bone_marrow,hammersmith,10%,5.7,05/05/2023,05/05/2023,no
bone_marrow,hammersmith,10%,4.1,05/05/2023,05/05/2023,no
bone_marrow,hammersmith,10%,3.9,05/05/2023,05/05/2023,no
bone_marrow,hammersmith,10%,1,05/05/2023,05/05/2023,no
bone_marrow,hammersmith,10%,0.8,05/05/2023,05/05/2023,no
bone_marrow,hammersmith,10%,0.3,05/05/2023,05/05/2023,no
bone_marrow,hammersmith,10%,2.1,05/05/2023,05/05/2023,no
bone_marrow,hammersmith,10%,2.3,05/05/2023,05/05/2023,no
bone_marrow,hammersmith,10%,1.2,05/05/2023,05/05/2023,no
bone_marrow,hammersmith,10%,0.7,05/05/2023,05/05/2023,no
bone_marrow,hammersmith,10%,0.3,05/05/2023,05/05/2023,no
bone_marrow,hammersmith,10%,5.1,05/05/2023,05/05/2023,no
bone_marrow,hammersmith,10%,4.9,05/05/2023,05/05/2023,no
bone_marrow,hammersmith,10%,3.7,05/05/2023,05/05/2023,no
bone_marrow,hammersmith,10%,2.2,05/05/2023,05/05/2023,no
bone_marrow,hammersmith,10%,0.1,05/05/2023,05/05/2023,no
bone_marrow,hammersmith,10%,3.3,05/05/2023,05/05/2023,no
bone_marrow,hammersmith,10%,1.2,05/05/2023,05/05/2023,no
bone_marrow,hammersmith,10%,0.8,05/05/2023,05/05/2023,no
bone_marrow,hammersmith,10%,0.3,05/05/2023,05/05/2023,no
bone_marrow,hammersmith,10%,2.1,05/05/2023,05/05/2023,no
bone_marrow,hammersmith,10%,2.3,05/05/2023,05/05/2023,no
bone_marrow,hammersmith,10%,1.2,05/05/2023,05/05/2023,no
bone_marrow,hammersmith,10%,0.7,05/05/2023,05/05/2023,no
bone_marrow,hammersmith,10%,0.3,05/05/2023,05/05/2023,no
bone_marrow,hammersmith,10%,5.1,05/05/2023,05/05/2023,no
bone_marrow,hammersmith,10%,4.9,05/05/2023,05/05/2023,no
bone_marrow,hammersmith,10%,5.5,05/05/2023,05/05/2023,no
bone_marrow,hammersmith,10%,3,05/05/2023,05/05/2023,no
